delay_ms	case	variant	boots	receiver_mbit_s_median	receiver_mbit_s_minimum	receiver_mbit_s_maximum	rtt_p50_ms_median	rtt_p50_ms_minimum	rtt_p50_ms_maximum	control_p99_ms_median	control_p99_ms_minimum	control_p99_ms_maximum
1	tap:nonblocking:bulk:1:tx	baseline	3	75.8030891527621	75.10599940270527	76.43642998548009	1.24287	1.236625	1.298638	NA	NA	NA
1	tap:nonblocking:bulk:1:tx	w8-p1-m1	3	74.78366189116112	74.28789178944433	75.49716665170948	1.458896	1.405544	1.464384	NA	NA	NA
1	tap:nonblocking:bulk:1:tx	w8-p4-m2	3	75.05311946208958	74.8683889951204	75.30858132188537	1.422758	1.384919	1.439017	NA	NA	NA
1	tap:nonblocking:mixed:near:tx	baseline	3	181.76331164486356	181.55199822014407	183.1083274335849	3.485072	3.441618	4.588878	259.8815	257.813272	507.093138
1	tap:nonblocking:mixed:near:tx	w8-p1-m1	3	77.71030817628237	77.33746468446752	77.7671386223328	3.81016	3.746098	4.431201	40.144596	38.15875	41.949925
1	tap:nonblocking:mixed:near:tx	w8-p4-m2	3	189.50670180909043	181.20716563447763	192.09424606849504	3.921358	3.739744	4.292418	17.73204	17.586994	20.76075
10	tap:nonblocking:bulk:1:tx	baseline	3	8.692642347714806	8.652159697460236	8.704151464666952	10.506202	10.468716	10.753888	NA	NA	NA
10	tap:nonblocking:bulk:1:tx	w8-p1-m1	3	8.683512380641886	8.666561644396298	8.69947991518318	10.725637	10.718295	10.757924	NA	NA	NA
10	tap:nonblocking:bulk:1:tx	w8-p4-m2	3	8.668104104021138	8.645084236239853	8.692844455837726	10.719477	10.600959	10.72469	NA	NA	NA
10	tap:nonblocking:mixed:near:tx	baseline	3	97.3874459147804	96.67165653382749	100.05453966730191	10.319379	10.293277	10.321173	261.777145	261.638349	512.020964
10	tap:nonblocking:mixed:near:tx	w8-p1-m1	3	75.209949065345	74.23179220495909	75.36555932864252	10.39115	10.366523	10.427734	41.709461	40.219718	42.368224
10	tap:nonblocking:mixed:near:tx	w8-p4-m2	3	177.7183283655886	151.39679553029688	180.6678994934305	10.332162	10.323524	10.352938	19.729655	19.345235	31.837675
