family	case	variant	boots	kernel_sha256	program_sha256	qemu_sha256	ram	transport	kernel_source	runtime_source	static_protocol_arrays_bytes
io	ext4:append:cache:1:64M:1K	ra0-wb1	3	e0103e4abde50a9997b7b45cb597f44b625b901e8dc75e204de21242be809678	9503eba74d25afb7b0c6f63082c109e1594453a136488ef3dbb9141a7bb1a59f	a1cfcceb6c688f9b0a290d512211ed08cf465b92b26a04cfb032280a53625718	512M	modern	3891f7e78598b88082d2ac41f010e22ecd0494ac	3891f7e78598b88082d2ac41f010e22ecd0494ac	NA
io	ext4:append:cache:1:64M:1K	ra0-wb8	3	e47e8b19aa4964f7bda75143973ae53235c3987397ded4a33cf85a37e7a4975a	9503eba74d25afb7b0c6f63082c109e1594453a136488ef3dbb9141a7bb1a59f	a1cfcceb6c688f9b0a290d512211ed08cf465b92b26a04cfb032280a53625718	512M	modern	3891f7e78598b88082d2ac41f010e22ecd0494ac	3891f7e78598b88082d2ac41f010e22ecd0494ac	NA
io	ext4:append:cache:1:64M:1K	ra8-wb8	3	fe72debb32eff9fbca20a06af6c0265dba0bb3788aa70f9853cafe4aa2908f63	9503eba74d25afb7b0c6f63082c109e1594453a136488ef3dbb9141a7bb1a59f	a1cfcceb6c688f9b0a290d512211ed08cf465b92b26a04cfb032280a53625718	512M	modern	3891f7e78598b88082d2ac41f010e22ecd0494ac	3891f7e78598b88082d2ac41f010e22ecd0494ac	NA
io	ext4:append:fsync:1:16M:64K	ra0-wb1	3	e0103e4abde50a9997b7b45cb597f44b625b901e8dc75e204de21242be809678	9503eba74d25afb7b0c6f63082c109e1594453a136488ef3dbb9141a7bb1a59f	a1cfcceb6c688f9b0a290d512211ed08cf465b92b26a04cfb032280a53625718	512M	modern	3891f7e78598b88082d2ac41f010e22ecd0494ac	3891f7e78598b88082d2ac41f010e22ecd0494ac	NA
io	ext4:append:fsync:1:16M:64K	ra0-wb2	1	a569807604df561d002426b2bd0dc42931da122ca6bfce55b97ba2b4515eb55d	9503eba74d25afb7b0c6f63082c109e1594453a136488ef3dbb9141a7bb1a59f	a1cfcceb6c688f9b0a290d512211ed08cf465b92b26a04cfb032280a53625718	512M	modern	3891f7e78598b88082d2ac41f010e22ecd0494ac	3891f7e78598b88082d2ac41f010e22ecd0494ac	NA
io	ext4:append:fsync:1:16M:64K	ra0-wb4	1	74a82e921d185d6518d873a3c224891a23b74dacb63826dc93691d7eed936c86	9503eba74d25afb7b0c6f63082c109e1594453a136488ef3dbb9141a7bb1a59f	a1cfcceb6c688f9b0a290d512211ed08cf465b92b26a04cfb032280a53625718	512M	modern	3891f7e78598b88082d2ac41f010e22ecd0494ac	3891f7e78598b88082d2ac41f010e22ecd0494ac	NA
io	ext4:append:fsync:1:16M:64K	ra0-wb8	3	e47e8b19aa4964f7bda75143973ae53235c3987397ded4a33cf85a37e7a4975a	9503eba74d25afb7b0c6f63082c109e1594453a136488ef3dbb9141a7bb1a59f	a1cfcceb6c688f9b0a290d512211ed08cf465b92b26a04cfb032280a53625718	512M	modern	3891f7e78598b88082d2ac41f010e22ecd0494ac	3891f7e78598b88082d2ac41f010e22ecd0494ac	NA
io	ext4:append:fsync:1:16M:64K	ra1-wb1	1	45c8f8888d8ac8e2a285cbd178242514faaca7d69981b8518882f965d9920031	9503eba74d25afb7b0c6f63082c109e1594453a136488ef3dbb9141a7bb1a59f	a1cfcceb6c688f9b0a290d512211ed08cf465b92b26a04cfb032280a53625718	512M	modern	3891f7e78598b88082d2ac41f010e22ecd0494ac	3891f7e78598b88082d2ac41f010e22ecd0494ac	NA
io	ext4:append:fsync:1:16M:64K	ra1-wb2	1	ddaacf6b6ea64c97e77e094781b0853087b00543d2394c7133ca4e3988b94d15	9503eba74d25afb7b0c6f63082c109e1594453a136488ef3dbb9141a7bb1a59f	a1cfcceb6c688f9b0a290d512211ed08cf465b92b26a04cfb032280a53625718	512M	modern	3891f7e78598b88082d2ac41f010e22ecd0494ac	3891f7e78598b88082d2ac41f010e22ecd0494ac	NA
io	ext4:append:fsync:1:16M:64K	ra1-wb4	1	f5a5967d4627682b7560bd76fbbb87faaccf9ab48cbfb0247a82e71b4dae9612	9503eba74d25afb7b0c6f63082c109e1594453a136488ef3dbb9141a7bb1a59f	a1cfcceb6c688f9b0a290d512211ed08cf465b92b26a04cfb032280a53625718	512M	modern	3891f7e78598b88082d2ac41f010e22ecd0494ac	3891f7e78598b88082d2ac41f010e22ecd0494ac	NA
io	ext4:append:fsync:1:16M:64K	ra1-wb8	1	c7e497e1f2fca921f5dcd18156c62e77cba796d902b1153f5a42144ba6f1996f	9503eba74d25afb7b0c6f63082c109e1594453a136488ef3dbb9141a7bb1a59f	a1cfcceb6c688f9b0a290d512211ed08cf465b92b26a04cfb032280a53625718	512M	modern	3891f7e78598b88082d2ac41f010e22ecd0494ac	3891f7e78598b88082d2ac41f010e22ecd0494ac	NA
io	ext4:append:fsync:1:16M:64K	ra2-wb1	1	0c2ac841e3388b1921cdb3ce3bf04c0144877a2d8be131b33ce608373b71e7d0	9503eba74d25afb7b0c6f63082c109e1594453a136488ef3dbb9141a7bb1a59f	a1cfcceb6c688f9b0a290d512211ed08cf465b92b26a04cfb032280a53625718	512M	modern	3891f7e78598b88082d2ac41f010e22ecd0494ac	3891f7e78598b88082d2ac41f010e22ecd0494ac	NA
io	ext4:append:fsync:1:16M:64K	ra2-wb2	1	a2408ebd97bc344bd5aefacdc9c8c0a2619e5bc7a89675d20437ff9385f42bfe	9503eba74d25afb7b0c6f63082c109e1594453a136488ef3dbb9141a7bb1a59f	a1cfcceb6c688f9b0a290d512211ed08cf465b92b26a04cfb032280a53625718	512M	modern	3891f7e78598b88082d2ac41f010e22ecd0494ac	3891f7e78598b88082d2ac41f010e22ecd0494ac	NA
io	ext4:append:fsync:1:16M:64K	ra2-wb4	1	d5e8bc942a7e76049d45fe7b1d5495a101e66e9f7e50f30a42f8d167cbec4415	9503eba74d25afb7b0c6f63082c109e1594453a136488ef3dbb9141a7bb1a59f	a1cfcceb6c688f9b0a290d512211ed08cf465b92b26a04cfb032280a53625718	512M	modern	3891f7e78598b88082d2ac41f010e22ecd0494ac	3891f7e78598b88082d2ac41f010e22ecd0494ac	NA
io	ext4:append:fsync:1:16M:64K	ra2-wb8	1	947e1320756e26fdb01c57eeba15b1ceb087e1c5b1641f5ef7bde35c4870fac2	9503eba74d25afb7b0c6f63082c109e1594453a136488ef3dbb9141a7bb1a59f	a1cfcceb6c688f9b0a290d512211ed08cf465b92b26a04cfb032280a53625718	512M	modern	3891f7e78598b88082d2ac41f010e22ecd0494ac	3891f7e78598b88082d2ac41f010e22ecd0494ac	NA
io	ext4:append:fsync:1:16M:64K	ra4-wb1	1	9ca7680b7eb3369ab70820460d228e2b67736f7f6acd47a14abf15cf86baa42a	9503eba74d25afb7b0c6f63082c109e1594453a136488ef3dbb9141a7bb1a59f	a1cfcceb6c688f9b0a290d512211ed08cf465b92b26a04cfb032280a53625718	512M	modern	3891f7e78598b88082d2ac41f010e22ecd0494ac	3891f7e78598b88082d2ac41f010e22ecd0494ac	NA
io	ext4:append:fsync:1:16M:64K	ra4-wb2	1	36ec95422ecf13c1a598e2958b3c1b383161debc66d82a16fe449285f7b0d903	9503eba74d25afb7b0c6f63082c109e1594453a136488ef3dbb9141a7bb1a59f	a1cfcceb6c688f9b0a290d512211ed08cf465b92b26a04cfb032280a53625718	512M	modern	3891f7e78598b88082d2ac41f010e22ecd0494ac	3891f7e78598b88082d2ac41f010e22ecd0494ac	NA
io	ext4:append:fsync:1:16M:64K	ra4-wb4	1	c4f1039cd174ed5397c715221c24d9d78f07b0375b3eab8e734724af0efb2dd2	9503eba74d25afb7b0c6f63082c109e1594453a136488ef3dbb9141a7bb1a59f	a1cfcceb6c688f9b0a290d512211ed08cf465b92b26a04cfb032280a53625718	512M	modern	3891f7e78598b88082d2ac41f010e22ecd0494ac	3891f7e78598b88082d2ac41f010e22ecd0494ac	NA
io	ext4:append:fsync:1:16M:64K	ra4-wb8	1	ad5aa253b4ae8d1b6f7beb068deee4ad99723e23f4641359394acaac3296b629	9503eba74d25afb7b0c6f63082c109e1594453a136488ef3dbb9141a7bb1a59f	a1cfcceb6c688f9b0a290d512211ed08cf465b92b26a04cfb032280a53625718	512M	modern	3891f7e78598b88082d2ac41f010e22ecd0494ac	3891f7e78598b88082d2ac41f010e22ecd0494ac	NA
io	ext4:append:fsync:1:16M:64K	ra8-wb1	1	44ab2f9cb3c2722f3071fa05baafdf12af3673d56f7331debc15b02e87494ad2	9503eba74d25afb7b0c6f63082c109e1594453a136488ef3dbb9141a7bb1a59f	a1cfcceb6c688f9b0a290d512211ed08cf465b92b26a04cfb032280a53625718	512M	modern	3891f7e78598b88082d2ac41f010e22ecd0494ac	3891f7e78598b88082d2ac41f010e22ecd0494ac	NA
io	ext4:append:fsync:1:16M:64K	ra8-wb2	1	c0d3fe203f8309e50e428fb4514f748b97cc6bd889503bd163b13bfdce067f79	9503eba74d25afb7b0c6f63082c109e1594453a136488ef3dbb9141a7bb1a59f	a1cfcceb6c688f9b0a290d512211ed08cf465b92b26a04cfb032280a53625718	512M	modern	3891f7e78598b88082d2ac41f010e22ecd0494ac	3891f7e78598b88082d2ac41f010e22ecd0494ac	NA
io	ext4:append:fsync:1:16M:64K	ra8-wb4	1	8c33847db9717e6a64e755e5ccbaa1695562b9e1defeccda3e9744d9efcff167	9503eba74d25afb7b0c6f63082c109e1594453a136488ef3dbb9141a7bb1a59f	a1cfcceb6c688f9b0a290d512211ed08cf465b92b26a04cfb032280a53625718	512M	modern	3891f7e78598b88082d2ac41f010e22ecd0494ac	3891f7e78598b88082d2ac41f010e22ecd0494ac	NA
io	ext4:append:fsync:1:16M:64K	ra8-wb8	3	fe72debb32eff9fbca20a06af6c0265dba0bb3788aa70f9853cafe4aa2908f63	9503eba74d25afb7b0c6f63082c109e1594453a136488ef3dbb9141a7bb1a59f	a1cfcceb6c688f9b0a290d512211ed08cf465b92b26a04cfb032280a53625718	512M	modern	3891f7e78598b88082d2ac41f010e22ecd0494ac	3891f7e78598b88082d2ac41f010e22ecd0494ac	NA
io	ext4:cold-read:cache:4:4M:4K	ra0-wb1	3	e0103e4abde50a9997b7b45cb597f44b625b901e8dc75e204de21242be809678	9503eba74d25afb7b0c6f63082c109e1594453a136488ef3dbb9141a7bb1a59f	a1cfcceb6c688f9b0a290d512211ed08cf465b92b26a04cfb032280a53625718	512M	modern	3891f7e78598b88082d2ac41f010e22ecd0494ac	3891f7e78598b88082d2ac41f010e22ecd0494ac	NA
io	ext4:cold-read:cache:4:4M:4K	ra0-wb2	1	a569807604df561d002426b2bd0dc42931da122ca6bfce55b97ba2b4515eb55d	9503eba74d25afb7b0c6f63082c109e1594453a136488ef3dbb9141a7bb1a59f	a1cfcceb6c688f9b0a290d512211ed08cf465b92b26a04cfb032280a53625718	512M	modern	3891f7e78598b88082d2ac41f010e22ecd0494ac	3891f7e78598b88082d2ac41f010e22ecd0494ac	NA
io	ext4:cold-read:cache:4:4M:4K	ra0-wb4	1	74a82e921d185d6518d873a3c224891a23b74dacb63826dc93691d7eed936c86	9503eba74d25afb7b0c6f63082c109e1594453a136488ef3dbb9141a7bb1a59f	a1cfcceb6c688f9b0a290d512211ed08cf465b92b26a04cfb032280a53625718	512M	modern	3891f7e78598b88082d2ac41f010e22ecd0494ac	3891f7e78598b88082d2ac41f010e22ecd0494ac	NA
io	ext4:cold-read:cache:4:4M:4K	ra0-wb8	3	e47e8b19aa4964f7bda75143973ae53235c3987397ded4a33cf85a37e7a4975a	9503eba74d25afb7b0c6f63082c109e1594453a136488ef3dbb9141a7bb1a59f	a1cfcceb6c688f9b0a290d512211ed08cf465b92b26a04cfb032280a53625718	512M	modern	3891f7e78598b88082d2ac41f010e22ecd0494ac	3891f7e78598b88082d2ac41f010e22ecd0494ac	NA
io	ext4:cold-read:cache:4:4M:4K	ra1-wb1	1	45c8f8888d8ac8e2a285cbd178242514faaca7d69981b8518882f965d9920031	9503eba74d25afb7b0c6f63082c109e1594453a136488ef3dbb9141a7bb1a59f	a1cfcceb6c688f9b0a290d512211ed08cf465b92b26a04cfb032280a53625718	512M	modern	3891f7e78598b88082d2ac41f010e22ecd0494ac	3891f7e78598b88082d2ac41f010e22ecd0494ac	NA
io	ext4:cold-read:cache:4:4M:4K	ra1-wb2	1	ddaacf6b6ea64c97e77e094781b0853087b00543d2394c7133ca4e3988b94d15	9503eba74d25afb7b0c6f63082c109e1594453a136488ef3dbb9141a7bb1a59f	a1cfcceb6c688f9b0a290d512211ed08cf465b92b26a04cfb032280a53625718	512M	modern	3891f7e78598b88082d2ac41f010e22ecd0494ac	3891f7e78598b88082d2ac41f010e22ecd0494ac	NA
io	ext4:cold-read:cache:4:4M:4K	ra1-wb4	1	f5a5967d4627682b7560bd76fbbb87faaccf9ab48cbfb0247a82e71b4dae9612	9503eba74d25afb7b0c6f63082c109e1594453a136488ef3dbb9141a7bb1a59f	a1cfcceb6c688f9b0a290d512211ed08cf465b92b26a04cfb032280a53625718	512M	modern	3891f7e78598b88082d2ac41f010e22ecd0494ac	3891f7e78598b88082d2ac41f010e22ecd0494ac	NA
io	ext4:cold-read:cache:4:4M:4K	ra1-wb8	1	c7e497e1f2fca921f5dcd18156c62e77cba796d902b1153f5a42144ba6f1996f	9503eba74d25afb7b0c6f63082c109e1594453a136488ef3dbb9141a7bb1a59f	a1cfcceb6c688f9b0a290d512211ed08cf465b92b26a04cfb032280a53625718	512M	modern	3891f7e78598b88082d2ac41f010e22ecd0494ac	3891f7e78598b88082d2ac41f010e22ecd0494ac	NA
io	ext4:cold-read:cache:4:4M:4K	ra2-wb1	1	0c2ac841e3388b1921cdb3ce3bf04c0144877a2d8be131b33ce608373b71e7d0	9503eba74d25afb7b0c6f63082c109e1594453a136488ef3dbb9141a7bb1a59f	a1cfcceb6c688f9b0a290d512211ed08cf465b92b26a04cfb032280a53625718	512M	modern	3891f7e78598b88082d2ac41f010e22ecd0494ac	3891f7e78598b88082d2ac41f010e22ecd0494ac	NA
io	ext4:cold-read:cache:4:4M:4K	ra2-wb2	1	a2408ebd97bc344bd5aefacdc9c8c0a2619e5bc7a89675d20437ff9385f42bfe	9503eba74d25afb7b0c6f63082c109e1594453a136488ef3dbb9141a7bb1a59f	a1cfcceb6c688f9b0a290d512211ed08cf465b92b26a04cfb032280a53625718	512M	modern	3891f7e78598b88082d2ac41f010e22ecd0494ac	3891f7e78598b88082d2ac41f010e22ecd0494ac	NA
io	ext4:cold-read:cache:4:4M:4K	ra2-wb4	1	d5e8bc942a7e76049d45fe7b1d5495a101e66e9f7e50f30a42f8d167cbec4415	9503eba74d25afb7b0c6f63082c109e1594453a136488ef3dbb9141a7bb1a59f	a1cfcceb6c688f9b0a290d512211ed08cf465b92b26a04cfb032280a53625718	512M	modern	3891f7e78598b88082d2ac41f010e22ecd0494ac	3891f7e78598b88082d2ac41f010e22ecd0494ac	NA
io	ext4:cold-read:cache:4:4M:4K	ra2-wb8	1	947e1320756e26fdb01c57eeba15b1ceb087e1c5b1641f5ef7bde35c4870fac2	9503eba74d25afb7b0c6f63082c109e1594453a136488ef3dbb9141a7bb1a59f	a1cfcceb6c688f9b0a290d512211ed08cf465b92b26a04cfb032280a53625718	512M	modern	3891f7e78598b88082d2ac41f010e22ecd0494ac	3891f7e78598b88082d2ac41f010e22ecd0494ac	NA
io	ext4:cold-read:cache:4:4M:4K	ra4-wb1	1	9ca7680b7eb3369ab70820460d228e2b67736f7f6acd47a14abf15cf86baa42a	9503eba74d25afb7b0c6f63082c109e1594453a136488ef3dbb9141a7bb1a59f	a1cfcceb6c688f9b0a290d512211ed08cf465b92b26a04cfb032280a53625718	512M	modern	3891f7e78598b88082d2ac41f010e22ecd0494ac	3891f7e78598b88082d2ac41f010e22ecd0494ac	NA
io	ext4:cold-read:cache:4:4M:4K	ra4-wb2	1	36ec95422ecf13c1a598e2958b3c1b383161debc66d82a16fe449285f7b0d903	9503eba74d25afb7b0c6f63082c109e1594453a136488ef3dbb9141a7bb1a59f	a1cfcceb6c688f9b0a290d512211ed08cf465b92b26a04cfb032280a53625718	512M	modern	3891f7e78598b88082d2ac41f010e22ecd0494ac	3891f7e78598b88082d2ac41f010e22ecd0494ac	NA
io	ext4:cold-read:cache:4:4M:4K	ra4-wb4	1	c4f1039cd174ed5397c715221c24d9d78f07b0375b3eab8e734724af0efb2dd2	9503eba74d25afb7b0c6f63082c109e1594453a136488ef3dbb9141a7bb1a59f	a1cfcceb6c688f9b0a290d512211ed08cf465b92b26a04cfb032280a53625718	512M	modern	3891f7e78598b88082d2ac41f010e22ecd0494ac	3891f7e78598b88082d2ac41f010e22ecd0494ac	NA
io	ext4:cold-read:cache:4:4M:4K	ra4-wb8	1	ad5aa253b4ae8d1b6f7beb068deee4ad99723e23f4641359394acaac3296b629	9503eba74d25afb7b0c6f63082c109e1594453a136488ef3dbb9141a7bb1a59f	a1cfcceb6c688f9b0a290d512211ed08cf465b92b26a04cfb032280a53625718	512M	modern	3891f7e78598b88082d2ac41f010e22ecd0494ac	3891f7e78598b88082d2ac41f010e22ecd0494ac	NA
io	ext4:cold-read:cache:4:4M:4K	ra8-wb1	1	44ab2f9cb3c2722f3071fa05baafdf12af3673d56f7331debc15b02e87494ad2	9503eba74d25afb7b0c6f63082c109e1594453a136488ef3dbb9141a7bb1a59f	a1cfcceb6c688f9b0a290d512211ed08cf465b92b26a04cfb032280a53625718	512M	modern	3891f7e78598b88082d2ac41f010e22ecd0494ac	3891f7e78598b88082d2ac41f010e22ecd0494ac	NA
io	ext4:cold-read:cache:4:4M:4K	ra8-wb2	1	c0d3fe203f8309e50e428fb4514f748b97cc6bd889503bd163b13bfdce067f79	9503eba74d25afb7b0c6f63082c109e1594453a136488ef3dbb9141a7bb1a59f	a1cfcceb6c688f9b0a290d512211ed08cf465b92b26a04cfb032280a53625718	512M	modern	3891f7e78598b88082d2ac41f010e22ecd0494ac	3891f7e78598b88082d2ac41f010e22ecd0494ac	NA
io	ext4:cold-read:cache:4:4M:4K	ra8-wb4	1	8c33847db9717e6a64e755e5ccbaa1695562b9e1defeccda3e9744d9efcff167	9503eba74d25afb7b0c6f63082c109e1594453a136488ef3dbb9141a7bb1a59f	a1cfcceb6c688f9b0a290d512211ed08cf465b92b26a04cfb032280a53625718	512M	modern	3891f7e78598b88082d2ac41f010e22ecd0494ac	3891f7e78598b88082d2ac41f010e22ecd0494ac	NA
io	ext4:cold-read:cache:4:4M:4K	ra8-wb8	3	fe72debb32eff9fbca20a06af6c0265dba0bb3788aa70f9853cafe4aa2908f63	9503eba74d25afb7b0c6f63082c109e1594453a136488ef3dbb9141a7bb1a59f	a1cfcceb6c688f9b0a290d512211ed08cf465b92b26a04cfb032280a53625718	512M	modern	3891f7e78598b88082d2ac41f010e22ecd0494ac	3891f7e78598b88082d2ac41f010e22ecd0494ac	NA
io	ext4:overwrite:fsync:1:16M:64K	ra0-wb1	3	e0103e4abde50a9997b7b45cb597f44b625b901e8dc75e204de21242be809678	9503eba74d25afb7b0c6f63082c109e1594453a136488ef3dbb9141a7bb1a59f	a1cfcceb6c688f9b0a290d512211ed08cf465b92b26a04cfb032280a53625718	512M	modern	3891f7e78598b88082d2ac41f010e22ecd0494ac	3891f7e78598b88082d2ac41f010e22ecd0494ac	NA
io	ext4:overwrite:fsync:1:16M:64K	ra0-wb8	3	e47e8b19aa4964f7bda75143973ae53235c3987397ded4a33cf85a37e7a4975a	9503eba74d25afb7b0c6f63082c109e1594453a136488ef3dbb9141a7bb1a59f	a1cfcceb6c688f9b0a290d512211ed08cf465b92b26a04cfb032280a53625718	512M	modern	3891f7e78598b88082d2ac41f010e22ecd0494ac	3891f7e78598b88082d2ac41f010e22ecd0494ac	NA
io	ext4:overwrite:fsync:1:16M:64K	ra8-wb8	3	fe72debb32eff9fbca20a06af6c0265dba0bb3788aa70f9853cafe4aa2908f63	9503eba74d25afb7b0c6f63082c109e1594453a136488ef3dbb9141a7bb1a59f	a1cfcceb6c688f9b0a290d512211ed08cf465b92b26a04cfb032280a53625718	512M	modern	3891f7e78598b88082d2ac41f010e22ecd0494ac	3891f7e78598b88082d2ac41f010e22ecd0494ac	NA
network	loopback:nonblocking:mixed:5:rx	w16-p1-m1	1	8b51757a6082d026dc4ffe1370325fe2713a982b8c87f454ea248bad3434bf6e	74d890e6f969fcee5ffacf2795a61eeba40a7a6aad4f56719af5fc25982b406d	a1cfcceb6c688f9b0a290d512211ed08cf465b92b26a04cfb032280a53625718	512M	modern	3891f7e78598b88082d2ac41f010e22ecd0494ac	3891f7e78598b88082d2ac41f010e22ecd0494ac	380549
network	loopback:nonblocking:mixed:5:rx	w16-p1-m2	1	2426f55759d7687ecf286475cb8a81af20216627f91d9636db0df41151faaab0	74d890e6f969fcee5ffacf2795a61eeba40a7a6aad4f56719af5fc25982b406d	a1cfcceb6c688f9b0a290d512211ed08cf465b92b26a04cfb032280a53625718	512M	modern	3891f7e78598b88082d2ac41f010e22ecd0494ac	3891f7e78598b88082d2ac41f010e22ecd0494ac	642693
network	loopback:nonblocking:mixed:5:rx	w16-p1-m4	1	f02fbf36f9414f8716acdf2fbfc0ca6c6b12ab281aa5c09fe921f51823cdfc38	74d890e6f969fcee5ffacf2795a61eeba40a7a6aad4f56719af5fc25982b406d	a1cfcceb6c688f9b0a290d512211ed08cf465b92b26a04cfb032280a53625718	512M	modern	3891f7e78598b88082d2ac41f010e22ecd0494ac	3891f7e78598b88082d2ac41f010e22ecd0494ac	1166981
network	loopback:nonblocking:mixed:5:rx	w16-p2-m1	1	380d2ba44ab231c72e9da47849e5b49a55fafe075d3c0ac0e6cd4036ebb4ad4d	74d890e6f969fcee5ffacf2795a61eeba40a7a6aad4f56719af5fc25982b406d	a1cfcceb6c688f9b0a290d512211ed08cf465b92b26a04cfb032280a53625718	512M	modern	3891f7e78598b88082d2ac41f010e22ecd0494ac	3891f7e78598b88082d2ac41f010e22ecd0494ac	486021
network	loopback:nonblocking:mixed:5:rx	w16-p2-m2	3	1db88ad03415dbbf56c0672eb35c2c7cee9730b73932a1414ae94764c954c205	74d890e6f969fcee5ffacf2795a61eeba40a7a6aad4f56719af5fc25982b406d	a1cfcceb6c688f9b0a290d512211ed08cf465b92b26a04cfb032280a53625718	512M	modern	3891f7e78598b88082d2ac41f010e22ecd0494ac	3891f7e78598b88082d2ac41f010e22ecd0494ac	748165
network	loopback:nonblocking:mixed:5:rx	w16-p2-m4	1	8c6c48dd39cbf6b76a28b0dbee4f57ca74fc0d2df9c70a30d339246d4c7ef78e	74d890e6f969fcee5ffacf2795a61eeba40a7a6aad4f56719af5fc25982b406d	a1cfcceb6c688f9b0a290d512211ed08cf465b92b26a04cfb032280a53625718	512M	modern	3891f7e78598b88082d2ac41f010e22ecd0494ac	3891f7e78598b88082d2ac41f010e22ecd0494ac	1272453
network	loopback:nonblocking:mixed:5:rx	w16-p4-m1	1	91e2fee700a43653ff9828376d8c168be8c16607b8b339bbb2764cdf30decd0f	74d890e6f969fcee5ffacf2795a61eeba40a7a6aad4f56719af5fc25982b406d	a1cfcceb6c688f9b0a290d512211ed08cf465b92b26a04cfb032280a53625718	512M	modern	3891f7e78598b88082d2ac41f010e22ecd0494ac	3891f7e78598b88082d2ac41f010e22ecd0494ac	696965
network	loopback:nonblocking:mixed:5:rx	w16-p4-m2	1	43a47fbdcb4ca80e866405c64d3e319cd75536d5ee2eb8849021aae7d9f3bfc3	74d890e6f969fcee5ffacf2795a61eeba40a7a6aad4f56719af5fc25982b406d	a1cfcceb6c688f9b0a290d512211ed08cf465b92b26a04cfb032280a53625718	512M	modern	3891f7e78598b88082d2ac41f010e22ecd0494ac	3891f7e78598b88082d2ac41f010e22ecd0494ac	959109
network	loopback:nonblocking:mixed:5:rx	w16-p4-m4	1	e6a047ec9d1e23d4ee466bde3c582797812d312699cd577be65ac6de7695f62b	74d890e6f969fcee5ffacf2795a61eeba40a7a6aad4f56719af5fc25982b406d	a1cfcceb6c688f9b0a290d512211ed08cf465b92b26a04cfb032280a53625718	512M	modern	3891f7e78598b88082d2ac41f010e22ecd0494ac	3891f7e78598b88082d2ac41f010e22ecd0494ac	1483397
network	loopback:nonblocking:mixed:5:rx	w32-p1-m1	1	6d0c284bcbe5d5639e5ff13d2a01a053e0b30e223cf6a6287cd7f6406d834d41	74d890e6f969fcee5ffacf2795a61eeba40a7a6aad4f56719af5fc25982b406d	a1cfcceb6c688f9b0a290d512211ed08cf465b92b26a04cfb032280a53625718	512M	modern	3891f7e78598b88082d2ac41f010e22ecd0494ac	3891f7e78598b88082d2ac41f010e22ecd0494ac	380549
network	loopback:nonblocking:mixed:5:rx	w32-p1-m2	1	fe0ab6af813561f7881bcb8cecd6c328d44f033122f3687584f0f396c7ef3f48	74d890e6f969fcee5ffacf2795a61eeba40a7a6aad4f56719af5fc25982b406d	a1cfcceb6c688f9b0a290d512211ed08cf465b92b26a04cfb032280a53625718	512M	modern	3891f7e78598b88082d2ac41f010e22ecd0494ac	3891f7e78598b88082d2ac41f010e22ecd0494ac	642693
network	loopback:nonblocking:mixed:5:rx	w32-p1-m4	1	6dcc81afa77acb909570e085f83c9eed4402fb9a542f2efa15c6cf998981c271	74d890e6f969fcee5ffacf2795a61eeba40a7a6aad4f56719af5fc25982b406d	a1cfcceb6c688f9b0a290d512211ed08cf465b92b26a04cfb032280a53625718	512M	modern	3891f7e78598b88082d2ac41f010e22ecd0494ac	3891f7e78598b88082d2ac41f010e22ecd0494ac	1166981
network	loopback:nonblocking:mixed:5:rx	w32-p2-m1	1	f83a4692a0a44961f4cc1d1bfd382508e37e9d40efe4c9fa5e5c7662f384bef3	74d890e6f969fcee5ffacf2795a61eeba40a7a6aad4f56719af5fc25982b406d	a1cfcceb6c688f9b0a290d512211ed08cf465b92b26a04cfb032280a53625718	512M	modern	3891f7e78598b88082d2ac41f010e22ecd0494ac	3891f7e78598b88082d2ac41f010e22ecd0494ac	486021
network	loopback:nonblocking:mixed:5:rx	w32-p2-m2	1	824cdc5e71473af36331a462f4800f7ef64296b066dd41ed8cffdc36fd65e9ce	74d890e6f969fcee5ffacf2795a61eeba40a7a6aad4f56719af5fc25982b406d	a1cfcceb6c688f9b0a290d512211ed08cf465b92b26a04cfb032280a53625718	512M	modern	3891f7e78598b88082d2ac41f010e22ecd0494ac	3891f7e78598b88082d2ac41f010e22ecd0494ac	748165
network	loopback:nonblocking:mixed:5:rx	w32-p2-m4	1	b726d11cf243f619a986173f730eabcb5d19f0e045748c41fe382e3ecdffe655	74d890e6f969fcee5ffacf2795a61eeba40a7a6aad4f56719af5fc25982b406d	a1cfcceb6c688f9b0a290d512211ed08cf465b92b26a04cfb032280a53625718	512M	modern	3891f7e78598b88082d2ac41f010e22ecd0494ac	3891f7e78598b88082d2ac41f010e22ecd0494ac	1272453
network	loopback:nonblocking:mixed:5:rx	w32-p4-m1	1	802408eeab197acbd32a2f4fdde5106fdc81f17893551da0dc32f664419e0b24	74d890e6f969fcee5ffacf2795a61eeba40a7a6aad4f56719af5fc25982b406d	a1cfcceb6c688f9b0a290d512211ed08cf465b92b26a04cfb032280a53625718	512M	modern	3891f7e78598b88082d2ac41f010e22ecd0494ac	3891f7e78598b88082d2ac41f010e22ecd0494ac	696965
network	loopback:nonblocking:mixed:5:rx	w32-p4-m2	1	64f31964057cd56577fa90f41a18a5a94642d101b58f3fdee057761ac17cf72f	74d890e6f969fcee5ffacf2795a61eeba40a7a6aad4f56719af5fc25982b406d	a1cfcceb6c688f9b0a290d512211ed08cf465b92b26a04cfb032280a53625718	512M	modern	3891f7e78598b88082d2ac41f010e22ecd0494ac	3891f7e78598b88082d2ac41f010e22ecd0494ac	959109
network	loopback:nonblocking:mixed:5:rx	w32-p4-m4	3	b9e89078f2fd5d445db643eb782a8258560d53d38fc55839602eceda7da02e25	74d890e6f969fcee5ffacf2795a61eeba40a7a6aad4f56719af5fc25982b406d	a1cfcceb6c688f9b0a290d512211ed08cf465b92b26a04cfb032280a53625718	512M	modern	3891f7e78598b88082d2ac41f010e22ecd0494ac	3891f7e78598b88082d2ac41f010e22ecd0494ac	1483397
network	loopback:nonblocking:mixed:5:rx	w8-p1-m1	3	0932f518465cd2f727f708fd83963878d584db638f2568ebf2a10b3281c735c8	74d890e6f969fcee5ffacf2795a61eeba40a7a6aad4f56719af5fc25982b406d	a1cfcceb6c688f9b0a290d512211ed08cf465b92b26a04cfb032280a53625718	512M	modern	3891f7e78598b88082d2ac41f010e22ecd0494ac	3891f7e78598b88082d2ac41f010e22ecd0494ac	380549
network	loopback:nonblocking:mixed:5:rx	w8-p1-m2	1	7df7ba00bbe008c1f9664a72ee6274c9c0faf41fc3b466a88f67f8475124cccf	74d890e6f969fcee5ffacf2795a61eeba40a7a6aad4f56719af5fc25982b406d	a1cfcceb6c688f9b0a290d512211ed08cf465b92b26a04cfb032280a53625718	512M	modern	3891f7e78598b88082d2ac41f010e22ecd0494ac	3891f7e78598b88082d2ac41f010e22ecd0494ac	642693
network	loopback:nonblocking:mixed:5:rx	w8-p1-m4	1	392499bb94e96cf7c3b3e842bff6637674a964abf2bfad9189ea640308933129	74d890e6f969fcee5ffacf2795a61eeba40a7a6aad4f56719af5fc25982b406d	a1cfcceb6c688f9b0a290d512211ed08cf465b92b26a04cfb032280a53625718	512M	modern	3891f7e78598b88082d2ac41f010e22ecd0494ac	3891f7e78598b88082d2ac41f010e22ecd0494ac	1166981
network	loopback:nonblocking:mixed:5:rx	w8-p2-m1	1	27708d90b8cb5507b69c39bba7352be246597ca648edb3d2eef90f16e9150423	74d890e6f969fcee5ffacf2795a61eeba40a7a6aad4f56719af5fc25982b406d	a1cfcceb6c688f9b0a290d512211ed08cf465b92b26a04cfb032280a53625718	512M	modern	3891f7e78598b88082d2ac41f010e22ecd0494ac	3891f7e78598b88082d2ac41f010e22ecd0494ac	486021
network	loopback:nonblocking:mixed:5:rx	w8-p2-m2	1	81e83aaa3eb15061094559758ecab58ddcaefbc4bbac671fa367cca356af2e9b	74d890e6f969fcee5ffacf2795a61eeba40a7a6aad4f56719af5fc25982b406d	a1cfcceb6c688f9b0a290d512211ed08cf465b92b26a04cfb032280a53625718	512M	modern	3891f7e78598b88082d2ac41f010e22ecd0494ac	3891f7e78598b88082d2ac41f010e22ecd0494ac	748165
network	loopback:nonblocking:mixed:5:rx	w8-p2-m4	1	65165a33f000f8c1e0d3121fbff41fdd6c5c8fe4e6ca9682471d13c0d41f1622	74d890e6f969fcee5ffacf2795a61eeba40a7a6aad4f56719af5fc25982b406d	a1cfcceb6c688f9b0a290d512211ed08cf465b92b26a04cfb032280a53625718	512M	modern	3891f7e78598b88082d2ac41f010e22ecd0494ac	3891f7e78598b88082d2ac41f010e22ecd0494ac	1272453
network	loopback:nonblocking:mixed:5:rx	w8-p4-m1	1	6b5646a8e176a8a3534da9fe95e4ef271155edf568b0ad0d42dfd03491151fc7	74d890e6f969fcee5ffacf2795a61eeba40a7a6aad4f56719af5fc25982b406d	a1cfcceb6c688f9b0a290d512211ed08cf465b92b26a04cfb032280a53625718	512M	modern	3891f7e78598b88082d2ac41f010e22ecd0494ac	3891f7e78598b88082d2ac41f010e22ecd0494ac	696965
network	loopback:nonblocking:mixed:5:rx	w8-p4-m2	3	33b017477e7acfdf9d77855940816500f9c27a4632a41171353543f786769948	74d890e6f969fcee5ffacf2795a61eeba40a7a6aad4f56719af5fc25982b406d	a1cfcceb6c688f9b0a290d512211ed08cf465b92b26a04cfb032280a53625718	512M	modern	3891f7e78598b88082d2ac41f010e22ecd0494ac	3891f7e78598b88082d2ac41f010e22ecd0494ac	959109
network	loopback:nonblocking:mixed:5:rx	w8-p4-m4	1	2b03c14bae9ae4c33b19f2c59c36cbdae49317c5f4452553a39431410e275688	74d890e6f969fcee5ffacf2795a61eeba40a7a6aad4f56719af5fc25982b406d	a1cfcceb6c688f9b0a290d512211ed08cf465b92b26a04cfb032280a53625718	512M	modern	3891f7e78598b88082d2ac41f010e22ecd0494ac	3891f7e78598b88082d2ac41f010e22ecd0494ac	1483397
network	tap:blocking:mixed:near:rx	w16-p2-m2	3	1db88ad03415dbbf56c0672eb35c2c7cee9730b73932a1414ae94764c954c205	74d890e6f969fcee5ffacf2795a61eeba40a7a6aad4f56719af5fc25982b406d	a1cfcceb6c688f9b0a290d512211ed08cf465b92b26a04cfb032280a53625718	512M	modern	3891f7e78598b88082d2ac41f010e22ecd0494ac	3891f7e78598b88082d2ac41f010e22ecd0494ac	748165
network	tap:blocking:mixed:near:rx	w8-p1-m1	3	0932f518465cd2f727f708fd83963878d584db638f2568ebf2a10b3281c735c8	74d890e6f969fcee5ffacf2795a61eeba40a7a6aad4f56719af5fc25982b406d	a1cfcceb6c688f9b0a290d512211ed08cf465b92b26a04cfb032280a53625718	512M	modern	3891f7e78598b88082d2ac41f010e22ecd0494ac	3891f7e78598b88082d2ac41f010e22ecd0494ac	380549
network	tap:blocking:mixed:near:rx	w8-p4-m2	3	33b017477e7acfdf9d77855940816500f9c27a4632a41171353543f786769948	74d890e6f969fcee5ffacf2795a61eeba40a7a6aad4f56719af5fc25982b406d	a1cfcceb6c688f9b0a290d512211ed08cf465b92b26a04cfb032280a53625718	512M	modern	3891f7e78598b88082d2ac41f010e22ecd0494ac	3891f7e78598b88082d2ac41f010e22ecd0494ac	959109
network	tap:nonblocking:mixed:5:tx	w16-p1-m1	1	8b51757a6082d026dc4ffe1370325fe2713a982b8c87f454ea248bad3434bf6e	74d890e6f969fcee5ffacf2795a61eeba40a7a6aad4f56719af5fc25982b406d	a1cfcceb6c688f9b0a290d512211ed08cf465b92b26a04cfb032280a53625718	512M	modern	3891f7e78598b88082d2ac41f010e22ecd0494ac	3891f7e78598b88082d2ac41f010e22ecd0494ac	380549
network	tap:nonblocking:mixed:5:tx	w16-p1-m2	1	2426f55759d7687ecf286475cb8a81af20216627f91d9636db0df41151faaab0	74d890e6f969fcee5ffacf2795a61eeba40a7a6aad4f56719af5fc25982b406d	a1cfcceb6c688f9b0a290d512211ed08cf465b92b26a04cfb032280a53625718	512M	modern	3891f7e78598b88082d2ac41f010e22ecd0494ac	3891f7e78598b88082d2ac41f010e22ecd0494ac	642693
network	tap:nonblocking:mixed:5:tx	w16-p1-m4	1	f02fbf36f9414f8716acdf2fbfc0ca6c6b12ab281aa5c09fe921f51823cdfc38	74d890e6f969fcee5ffacf2795a61eeba40a7a6aad4f56719af5fc25982b406d	a1cfcceb6c688f9b0a290d512211ed08cf465b92b26a04cfb032280a53625718	512M	modern	3891f7e78598b88082d2ac41f010e22ecd0494ac	3891f7e78598b88082d2ac41f010e22ecd0494ac	1166981
network	tap:nonblocking:mixed:5:tx	w16-p2-m1	1	380d2ba44ab231c72e9da47849e5b49a55fafe075d3c0ac0e6cd4036ebb4ad4d	74d890e6f969fcee5ffacf2795a61eeba40a7a6aad4f56719af5fc25982b406d	a1cfcceb6c688f9b0a290d512211ed08cf465b92b26a04cfb032280a53625718	512M	modern	3891f7e78598b88082d2ac41f010e22ecd0494ac	3891f7e78598b88082d2ac41f010e22ecd0494ac	486021
network	tap:nonblocking:mixed:5:tx	w16-p2-m2	3	1db88ad03415dbbf56c0672eb35c2c7cee9730b73932a1414ae94764c954c205	74d890e6f969fcee5ffacf2795a61eeba40a7a6aad4f56719af5fc25982b406d	a1cfcceb6c688f9b0a290d512211ed08cf465b92b26a04cfb032280a53625718	512M	modern	3891f7e78598b88082d2ac41f010e22ecd0494ac	3891f7e78598b88082d2ac41f010e22ecd0494ac	748165
network	tap:nonblocking:mixed:5:tx	w16-p2-m4	1	8c6c48dd39cbf6b76a28b0dbee4f57ca74fc0d2df9c70a30d339246d4c7ef78e	74d890e6f969fcee5ffacf2795a61eeba40a7a6aad4f56719af5fc25982b406d	a1cfcceb6c688f9b0a290d512211ed08cf465b92b26a04cfb032280a53625718	512M	modern	3891f7e78598b88082d2ac41f010e22ecd0494ac	3891f7e78598b88082d2ac41f010e22ecd0494ac	1272453
network	tap:nonblocking:mixed:5:tx	w16-p4-m1	1	91e2fee700a43653ff9828376d8c168be8c16607b8b339bbb2764cdf30decd0f	74d890e6f969fcee5ffacf2795a61eeba40a7a6aad4f56719af5fc25982b406d	a1cfcceb6c688f9b0a290d512211ed08cf465b92b26a04cfb032280a53625718	512M	modern	3891f7e78598b88082d2ac41f010e22ecd0494ac	3891f7e78598b88082d2ac41f010e22ecd0494ac	696965
network	tap:nonblocking:mixed:5:tx	w16-p4-m2	1	43a47fbdcb4ca80e866405c64d3e319cd75536d5ee2eb8849021aae7d9f3bfc3	74d890e6f969fcee5ffacf2795a61eeba40a7a6aad4f56719af5fc25982b406d	a1cfcceb6c688f9b0a290d512211ed08cf465b92b26a04cfb032280a53625718	512M	modern	3891f7e78598b88082d2ac41f010e22ecd0494ac	3891f7e78598b88082d2ac41f010e22ecd0494ac	959109
network	tap:nonblocking:mixed:5:tx	w16-p4-m4	1	e6a047ec9d1e23d4ee466bde3c582797812d312699cd577be65ac6de7695f62b	74d890e6f969fcee5ffacf2795a61eeba40a7a6aad4f56719af5fc25982b406d	a1cfcceb6c688f9b0a290d512211ed08cf465b92b26a04cfb032280a53625718	512M	modern	3891f7e78598b88082d2ac41f010e22ecd0494ac	3891f7e78598b88082d2ac41f010e22ecd0494ac	1483397
network	tap:nonblocking:mixed:5:tx	w32-p1-m1	1	6d0c284bcbe5d5639e5ff13d2a01a053e0b30e223cf6a6287cd7f6406d834d41	74d890e6f969fcee5ffacf2795a61eeba40a7a6aad4f56719af5fc25982b406d	a1cfcceb6c688f9b0a290d512211ed08cf465b92b26a04cfb032280a53625718	512M	modern	3891f7e78598b88082d2ac41f010e22ecd0494ac	3891f7e78598b88082d2ac41f010e22ecd0494ac	380549
network	tap:nonblocking:mixed:5:tx	w32-p1-m2	1	fe0ab6af813561f7881bcb8cecd6c328d44f033122f3687584f0f396c7ef3f48	74d890e6f969fcee5ffacf2795a61eeba40a7a6aad4f56719af5fc25982b406d	a1cfcceb6c688f9b0a290d512211ed08cf465b92b26a04cfb032280a53625718	512M	modern	3891f7e78598b88082d2ac41f010e22ecd0494ac	3891f7e78598b88082d2ac41f010e22ecd0494ac	642693
network	tap:nonblocking:mixed:5:tx	w32-p1-m4	1	6dcc81afa77acb909570e085f83c9eed4402fb9a542f2efa15c6cf998981c271	74d890e6f969fcee5ffacf2795a61eeba40a7a6aad4f56719af5fc25982b406d	a1cfcceb6c688f9b0a290d512211ed08cf465b92b26a04cfb032280a53625718	512M	modern	3891f7e78598b88082d2ac41f010e22ecd0494ac	3891f7e78598b88082d2ac41f010e22ecd0494ac	1166981
network	tap:nonblocking:mixed:5:tx	w32-p2-m1	1	f83a4692a0a44961f4cc1d1bfd382508e37e9d40efe4c9fa5e5c7662f384bef3	74d890e6f969fcee5ffacf2795a61eeba40a7a6aad4f56719af5fc25982b406d	a1cfcceb6c688f9b0a290d512211ed08cf465b92b26a04cfb032280a53625718	512M	modern	3891f7e78598b88082d2ac41f010e22ecd0494ac	3891f7e78598b88082d2ac41f010e22ecd0494ac	486021
network	tap:nonblocking:mixed:5:tx	w32-p2-m2	1	824cdc5e71473af36331a462f4800f7ef64296b066dd41ed8cffdc36fd65e9ce	74d890e6f969fcee5ffacf2795a61eeba40a7a6aad4f56719af5fc25982b406d	a1cfcceb6c688f9b0a290d512211ed08cf465b92b26a04cfb032280a53625718	512M	modern	3891f7e78598b88082d2ac41f010e22ecd0494ac	3891f7e78598b88082d2ac41f010e22ecd0494ac	748165
network	tap:nonblocking:mixed:5:tx	w32-p2-m4	1	b726d11cf243f619a986173f730eabcb5d19f0e045748c41fe382e3ecdffe655	74d890e6f969fcee5ffacf2795a61eeba40a7a6aad4f56719af5fc25982b406d	a1cfcceb6c688f9b0a290d512211ed08cf465b92b26a04cfb032280a53625718	512M	modern	3891f7e78598b88082d2ac41f010e22ecd0494ac	3891f7e78598b88082d2ac41f010e22ecd0494ac	1272453
network	tap:nonblocking:mixed:5:tx	w32-p4-m1	1	802408eeab197acbd32a2f4fdde5106fdc81f17893551da0dc32f664419e0b24	74d890e6f969fcee5ffacf2795a61eeba40a7a6aad4f56719af5fc25982b406d	a1cfcceb6c688f9b0a290d512211ed08cf465b92b26a04cfb032280a53625718	512M	modern	3891f7e78598b88082d2ac41f010e22ecd0494ac	3891f7e78598b88082d2ac41f010e22ecd0494ac	696965
network	tap:nonblocking:mixed:5:tx	w32-p4-m2	1	64f31964057cd56577fa90f41a18a5a94642d101b58f3fdee057761ac17cf72f	74d890e6f969fcee5ffacf2795a61eeba40a7a6aad4f56719af5fc25982b406d	a1cfcceb6c688f9b0a290d512211ed08cf465b92b26a04cfb032280a53625718	512M	modern	3891f7e78598b88082d2ac41f010e22ecd0494ac	3891f7e78598b88082d2ac41f010e22ecd0494ac	959109
network	tap:nonblocking:mixed:5:tx	w32-p4-m4	3	b9e89078f2fd5d445db643eb782a8258560d53d38fc55839602eceda7da02e25	74d890e6f969fcee5ffacf2795a61eeba40a7a6aad4f56719af5fc25982b406d	a1cfcceb6c688f9b0a290d512211ed08cf465b92b26a04cfb032280a53625718	512M	modern	3891f7e78598b88082d2ac41f010e22ecd0494ac	3891f7e78598b88082d2ac41f010e22ecd0494ac	1483397
network	tap:nonblocking:mixed:5:tx	w8-p1-m1	3	0932f518465cd2f727f708fd83963878d584db638f2568ebf2a10b3281c735c8	74d890e6f969fcee5ffacf2795a61eeba40a7a6aad4f56719af5fc25982b406d	a1cfcceb6c688f9b0a290d512211ed08cf465b92b26a04cfb032280a53625718	512M	modern	3891f7e78598b88082d2ac41f010e22ecd0494ac	3891f7e78598b88082d2ac41f010e22ecd0494ac	380549
network	tap:nonblocking:mixed:5:tx	w8-p1-m2	1	7df7ba00bbe008c1f9664a72ee6274c9c0faf41fc3b466a88f67f8475124cccf	74d890e6f969fcee5ffacf2795a61eeba40a7a6aad4f56719af5fc25982b406d	a1cfcceb6c688f9b0a290d512211ed08cf465b92b26a04cfb032280a53625718	512M	modern	3891f7e78598b88082d2ac41f010e22ecd0494ac	3891f7e78598b88082d2ac41f010e22ecd0494ac	642693
network	tap:nonblocking:mixed:5:tx	w8-p1-m4	1	392499bb94e96cf7c3b3e842bff6637674a964abf2bfad9189ea640308933129	74d890e6f969fcee5ffacf2795a61eeba40a7a6aad4f56719af5fc25982b406d	a1cfcceb6c688f9b0a290d512211ed08cf465b92b26a04cfb032280a53625718	512M	modern	3891f7e78598b88082d2ac41f010e22ecd0494ac	3891f7e78598b88082d2ac41f010e22ecd0494ac	1166981
network	tap:nonblocking:mixed:5:tx	w8-p2-m1	1	27708d90b8cb5507b69c39bba7352be246597ca648edb3d2eef90f16e9150423	74d890e6f969fcee5ffacf2795a61eeba40a7a6aad4f56719af5fc25982b406d	a1cfcceb6c688f9b0a290d512211ed08cf465b92b26a04cfb032280a53625718	512M	modern	3891f7e78598b88082d2ac41f010e22ecd0494ac	3891f7e78598b88082d2ac41f010e22ecd0494ac	486021
network	tap:nonblocking:mixed:5:tx	w8-p2-m2	1	81e83aaa3eb15061094559758ecab58ddcaefbc4bbac671fa367cca356af2e9b	74d890e6f969fcee5ffacf2795a61eeba40a7a6aad4f56719af5fc25982b406d	a1cfcceb6c688f9b0a290d512211ed08cf465b92b26a04cfb032280a53625718	512M	modern	3891f7e78598b88082d2ac41f010e22ecd0494ac	3891f7e78598b88082d2ac41f010e22ecd0494ac	748165
network	tap:nonblocking:mixed:5:tx	w8-p2-m4	1	65165a33f000f8c1e0d3121fbff41fdd6c5c8fe4e6ca9682471d13c0d41f1622	74d890e6f969fcee5ffacf2795a61eeba40a7a6aad4f56719af5fc25982b406d	a1cfcceb6c688f9b0a290d512211ed08cf465b92b26a04cfb032280a53625718	512M	modern	3891f7e78598b88082d2ac41f010e22ecd0494ac	3891f7e78598b88082d2ac41f010e22ecd0494ac	1272453
network	tap:nonblocking:mixed:5:tx	w8-p4-m1	1	6b5646a8e176a8a3534da9fe95e4ef271155edf568b0ad0d42dfd03491151fc7	74d890e6f969fcee5ffacf2795a61eeba40a7a6aad4f56719af5fc25982b406d	a1cfcceb6c688f9b0a290d512211ed08cf465b92b26a04cfb032280a53625718	512M	modern	3891f7e78598b88082d2ac41f010e22ecd0494ac	3891f7e78598b88082d2ac41f010e22ecd0494ac	696965
network	tap:nonblocking:mixed:5:tx	w8-p4-m2	3	33b017477e7acfdf9d77855940816500f9c27a4632a41171353543f786769948	74d890e6f969fcee5ffacf2795a61eeba40a7a6aad4f56719af5fc25982b406d	a1cfcceb6c688f9b0a290d512211ed08cf465b92b26a04cfb032280a53625718	512M	modern	3891f7e78598b88082d2ac41f010e22ecd0494ac	3891f7e78598b88082d2ac41f010e22ecd0494ac	959109
network	tap:nonblocking:mixed:5:tx	w8-p4-m4	1	2b03c14bae9ae4c33b19f2c59c36cbdae49317c5f4452553a39431410e275688	74d890e6f969fcee5ffacf2795a61eeba40a7a6aad4f56719af5fc25982b406d	a1cfcceb6c688f9b0a290d512211ed08cf465b92b26a04cfb032280a53625718	512M	modern	3891f7e78598b88082d2ac41f010e22ecd0494ac	3891f7e78598b88082d2ac41f010e22ecd0494ac	1483397
network	tap:nonblocking:mixed:near:tx	w16-p1-m1	1	8b51757a6082d026dc4ffe1370325fe2713a982b8c87f454ea248bad3434bf6e	74d890e6f969fcee5ffacf2795a61eeba40a7a6aad4f56719af5fc25982b406d	a1cfcceb6c688f9b0a290d512211ed08cf465b92b26a04cfb032280a53625718	512M	modern	3891f7e78598b88082d2ac41f010e22ecd0494ac	3891f7e78598b88082d2ac41f010e22ecd0494ac	380549
network	tap:nonblocking:mixed:near:tx	w16-p1-m2	1	2426f55759d7687ecf286475cb8a81af20216627f91d9636db0df41151faaab0	74d890e6f969fcee5ffacf2795a61eeba40a7a6aad4f56719af5fc25982b406d	a1cfcceb6c688f9b0a290d512211ed08cf465b92b26a04cfb032280a53625718	512M	modern	3891f7e78598b88082d2ac41f010e22ecd0494ac	3891f7e78598b88082d2ac41f010e22ecd0494ac	642693
network	tap:nonblocking:mixed:near:tx	w16-p1-m4	1	f02fbf36f9414f8716acdf2fbfc0ca6c6b12ab281aa5c09fe921f51823cdfc38	74d890e6f969fcee5ffacf2795a61eeba40a7a6aad4f56719af5fc25982b406d	a1cfcceb6c688f9b0a290d512211ed08cf465b92b26a04cfb032280a53625718	512M	modern	3891f7e78598b88082d2ac41f010e22ecd0494ac	3891f7e78598b88082d2ac41f010e22ecd0494ac	1166981
network	tap:nonblocking:mixed:near:tx	w16-p2-m1	1	380d2ba44ab231c72e9da47849e5b49a55fafe075d3c0ac0e6cd4036ebb4ad4d	74d890e6f969fcee5ffacf2795a61eeba40a7a6aad4f56719af5fc25982b406d	a1cfcceb6c688f9b0a290d512211ed08cf465b92b26a04cfb032280a53625718	512M	modern	3891f7e78598b88082d2ac41f010e22ecd0494ac	3891f7e78598b88082d2ac41f010e22ecd0494ac	486021
network	tap:nonblocking:mixed:near:tx	w16-p2-m2	3	1db88ad03415dbbf56c0672eb35c2c7cee9730b73932a1414ae94764c954c205	74d890e6f969fcee5ffacf2795a61eeba40a7a6aad4f56719af5fc25982b406d	a1cfcceb6c688f9b0a290d512211ed08cf465b92b26a04cfb032280a53625718	512M	modern	3891f7e78598b88082d2ac41f010e22ecd0494ac	3891f7e78598b88082d2ac41f010e22ecd0494ac	748165
network	tap:nonblocking:mixed:near:tx	w16-p2-m4	1	8c6c48dd39cbf6b76a28b0dbee4f57ca74fc0d2df9c70a30d339246d4c7ef78e	74d890e6f969fcee5ffacf2795a61eeba40a7a6aad4f56719af5fc25982b406d	a1cfcceb6c688f9b0a290d512211ed08cf465b92b26a04cfb032280a53625718	512M	modern	3891f7e78598b88082d2ac41f010e22ecd0494ac	3891f7e78598b88082d2ac41f010e22ecd0494ac	1272453
network	tap:nonblocking:mixed:near:tx	w16-p4-m1	1	91e2fee700a43653ff9828376d8c168be8c16607b8b339bbb2764cdf30decd0f	74d890e6f969fcee5ffacf2795a61eeba40a7a6aad4f56719af5fc25982b406d	a1cfcceb6c688f9b0a290d512211ed08cf465b92b26a04cfb032280a53625718	512M	modern	3891f7e78598b88082d2ac41f010e22ecd0494ac	3891f7e78598b88082d2ac41f010e22ecd0494ac	696965
network	tap:nonblocking:mixed:near:tx	w16-p4-m2	1	43a47fbdcb4ca80e866405c64d3e319cd75536d5ee2eb8849021aae7d9f3bfc3	74d890e6f969fcee5ffacf2795a61eeba40a7a6aad4f56719af5fc25982b406d	a1cfcceb6c688f9b0a290d512211ed08cf465b92b26a04cfb032280a53625718	512M	modern	3891f7e78598b88082d2ac41f010e22ecd0494ac	3891f7e78598b88082d2ac41f010e22ecd0494ac	959109
network	tap:nonblocking:mixed:near:tx	w16-p4-m4	1	e6a047ec9d1e23d4ee466bde3c582797812d312699cd577be65ac6de7695f62b	74d890e6f969fcee5ffacf2795a61eeba40a7a6aad4f56719af5fc25982b406d	a1cfcceb6c688f9b0a290d512211ed08cf465b92b26a04cfb032280a53625718	512M	modern	3891f7e78598b88082d2ac41f010e22ecd0494ac	3891f7e78598b88082d2ac41f010e22ecd0494ac	1483397
network	tap:nonblocking:mixed:near:tx	w32-p1-m1	1	6d0c284bcbe5d5639e5ff13d2a01a053e0b30e223cf6a6287cd7f6406d834d41	74d890e6f969fcee5ffacf2795a61eeba40a7a6aad4f56719af5fc25982b406d	a1cfcceb6c688f9b0a290d512211ed08cf465b92b26a04cfb032280a53625718	512M	modern	3891f7e78598b88082d2ac41f010e22ecd0494ac	3891f7e78598b88082d2ac41f010e22ecd0494ac	380549
network	tap:nonblocking:mixed:near:tx	w32-p1-m2	1	fe0ab6af813561f7881bcb8cecd6c328d44f033122f3687584f0f396c7ef3f48	74d890e6f969fcee5ffacf2795a61eeba40a7a6aad4f56719af5fc25982b406d	a1cfcceb6c688f9b0a290d512211ed08cf465b92b26a04cfb032280a53625718	512M	modern	3891f7e78598b88082d2ac41f010e22ecd0494ac	3891f7e78598b88082d2ac41f010e22ecd0494ac	642693
network	tap:nonblocking:mixed:near:tx	w32-p1-m4	1	6dcc81afa77acb909570e085f83c9eed4402fb9a542f2efa15c6cf998981c271	74d890e6f969fcee5ffacf2795a61eeba40a7a6aad4f56719af5fc25982b406d	a1cfcceb6c688f9b0a290d512211ed08cf465b92b26a04cfb032280a53625718	512M	modern	3891f7e78598b88082d2ac41f010e22ecd0494ac	3891f7e78598b88082d2ac41f010e22ecd0494ac	1166981
network	tap:nonblocking:mixed:near:tx	w32-p2-m1	1	f83a4692a0a44961f4cc1d1bfd382508e37e9d40efe4c9fa5e5c7662f384bef3	74d890e6f969fcee5ffacf2795a61eeba40a7a6aad4f56719af5fc25982b406d	a1cfcceb6c688f9b0a290d512211ed08cf465b92b26a04cfb032280a53625718	512M	modern	3891f7e78598b88082d2ac41f010e22ecd0494ac	3891f7e78598b88082d2ac41f010e22ecd0494ac	486021
network	tap:nonblocking:mixed:near:tx	w32-p2-m2	1	824cdc5e71473af36331a462f4800f7ef64296b066dd41ed8cffdc36fd65e9ce	74d890e6f969fcee5ffacf2795a61eeba40a7a6aad4f56719af5fc25982b406d	a1cfcceb6c688f9b0a290d512211ed08cf465b92b26a04cfb032280a53625718	512M	modern	3891f7e78598b88082d2ac41f010e22ecd0494ac	3891f7e78598b88082d2ac41f010e22ecd0494ac	748165
network	tap:nonblocking:mixed:near:tx	w32-p2-m4	1	b726d11cf243f619a986173f730eabcb5d19f0e045748c41fe382e3ecdffe655	74d890e6f969fcee5ffacf2795a61eeba40a7a6aad4f56719af5fc25982b406d	a1cfcceb6c688f9b0a290d512211ed08cf465b92b26a04cfb032280a53625718	512M	modern	3891f7e78598b88082d2ac41f010e22ecd0494ac	3891f7e78598b88082d2ac41f010e22ecd0494ac	1272453
network	tap:nonblocking:mixed:near:tx	w32-p4-m1	1	802408eeab197acbd32a2f4fdde5106fdc81f17893551da0dc32f664419e0b24	74d890e6f969fcee5ffacf2795a61eeba40a7a6aad4f56719af5fc25982b406d	a1cfcceb6c688f9b0a290d512211ed08cf465b92b26a04cfb032280a53625718	512M	modern	3891f7e78598b88082d2ac41f010e22ecd0494ac	3891f7e78598b88082d2ac41f010e22ecd0494ac	696965
network	tap:nonblocking:mixed:near:tx	w32-p4-m2	1	64f31964057cd56577fa90f41a18a5a94642d101b58f3fdee057761ac17cf72f	74d890e6f969fcee5ffacf2795a61eeba40a7a6aad4f56719af5fc25982b406d	a1cfcceb6c688f9b0a290d512211ed08cf465b92b26a04cfb032280a53625718	512M	modern	3891f7e78598b88082d2ac41f010e22ecd0494ac	3891f7e78598b88082d2ac41f010e22ecd0494ac	959109
network	tap:nonblocking:mixed:near:tx	w32-p4-m4	3	b9e89078f2fd5d445db643eb782a8258560d53d38fc55839602eceda7da02e25	74d890e6f969fcee5ffacf2795a61eeba40a7a6aad4f56719af5fc25982b406d	a1cfcceb6c688f9b0a290d512211ed08cf465b92b26a04cfb032280a53625718	512M	modern	3891f7e78598b88082d2ac41f010e22ecd0494ac	3891f7e78598b88082d2ac41f010e22ecd0494ac	1483397
network	tap:nonblocking:mixed:near:tx	w8-p1-m1	3	0932f518465cd2f727f708fd83963878d584db638f2568ebf2a10b3281c735c8	74d890e6f969fcee5ffacf2795a61eeba40a7a6aad4f56719af5fc25982b406d	a1cfcceb6c688f9b0a290d512211ed08cf465b92b26a04cfb032280a53625718	512M	modern	3891f7e78598b88082d2ac41f010e22ecd0494ac	3891f7e78598b88082d2ac41f010e22ecd0494ac	380549
network	tap:nonblocking:mixed:near:tx	w8-p1-m2	1	7df7ba00bbe008c1f9664a72ee6274c9c0faf41fc3b466a88f67f8475124cccf	74d890e6f969fcee5ffacf2795a61eeba40a7a6aad4f56719af5fc25982b406d	a1cfcceb6c688f9b0a290d512211ed08cf465b92b26a04cfb032280a53625718	512M	modern	3891f7e78598b88082d2ac41f010e22ecd0494ac	3891f7e78598b88082d2ac41f010e22ecd0494ac	642693
network	tap:nonblocking:mixed:near:tx	w8-p1-m4	1	392499bb94e96cf7c3b3e842bff6637674a964abf2bfad9189ea640308933129	74d890e6f969fcee5ffacf2795a61eeba40a7a6aad4f56719af5fc25982b406d	a1cfcceb6c688f9b0a290d512211ed08cf465b92b26a04cfb032280a53625718	512M	modern	3891f7e78598b88082d2ac41f010e22ecd0494ac	3891f7e78598b88082d2ac41f010e22ecd0494ac	1166981
network	tap:nonblocking:mixed:near:tx	w8-p2-m1	1	27708d90b8cb5507b69c39bba7352be246597ca648edb3d2eef90f16e9150423	74d890e6f969fcee5ffacf2795a61eeba40a7a6aad4f56719af5fc25982b406d	a1cfcceb6c688f9b0a290d512211ed08cf465b92b26a04cfb032280a53625718	512M	modern	3891f7e78598b88082d2ac41f010e22ecd0494ac	3891f7e78598b88082d2ac41f010e22ecd0494ac	486021
network	tap:nonblocking:mixed:near:tx	w8-p2-m2	1	81e83aaa3eb15061094559758ecab58ddcaefbc4bbac671fa367cca356af2e9b	74d890e6f969fcee5ffacf2795a61eeba40a7a6aad4f56719af5fc25982b406d	a1cfcceb6c688f9b0a290d512211ed08cf465b92b26a04cfb032280a53625718	512M	modern	3891f7e78598b88082d2ac41f010e22ecd0494ac	3891f7e78598b88082d2ac41f010e22ecd0494ac	748165
network	tap:nonblocking:mixed:near:tx	w8-p2-m4	1	65165a33f000f8c1e0d3121fbff41fdd6c5c8fe4e6ca9682471d13c0d41f1622	74d890e6f969fcee5ffacf2795a61eeba40a7a6aad4f56719af5fc25982b406d	a1cfcceb6c688f9b0a290d512211ed08cf465b92b26a04cfb032280a53625718	512M	modern	3891f7e78598b88082d2ac41f010e22ecd0494ac	3891f7e78598b88082d2ac41f010e22ecd0494ac	1272453
network	tap:nonblocking:mixed:near:tx	w8-p4-m1	1	6b5646a8e176a8a3534da9fe95e4ef271155edf568b0ad0d42dfd03491151fc7	74d890e6f969fcee5ffacf2795a61eeba40a7a6aad4f56719af5fc25982b406d	a1cfcceb6c688f9b0a290d512211ed08cf465b92b26a04cfb032280a53625718	512M	modern	3891f7e78598b88082d2ac41f010e22ecd0494ac	3891f7e78598b88082d2ac41f010e22ecd0494ac	696965
network	tap:nonblocking:mixed:near:tx	w8-p4-m2	3	33b017477e7acfdf9d77855940816500f9c27a4632a41171353543f786769948	74d890e6f969fcee5ffacf2795a61eeba40a7a6aad4f56719af5fc25982b406d	a1cfcceb6c688f9b0a290d512211ed08cf465b92b26a04cfb032280a53625718	512M	modern	3891f7e78598b88082d2ac41f010e22ecd0494ac	3891f7e78598b88082d2ac41f010e22ecd0494ac	959109
network	tap:nonblocking:mixed:near:tx	w8-p4-m4	1	2b03c14bae9ae4c33b19f2c59c36cbdae49317c5f4452553a39431410e275688	74d890e6f969fcee5ffacf2795a61eeba40a7a6aad4f56719af5fc25982b406d	a1cfcceb6c688f9b0a290d512211ed08cf465b92b26a04cfb032280a53625718	512M	modern	3891f7e78598b88082d2ac41f010e22ecd0494ac	3891f7e78598b88082d2ac41f010e22ecd0494ac	1483397
