# kind	path	url	remote-ref	commit-or-sha256
full	os2026	https://gitlab.eduxiji.net/csc1/csc-os/os2026	-	d9a3cf1fbe597f13584988e0597ae9b4e9163ea7
full	oscomp-testsuits	https://github.com/oscomp/testsuits-for-oskernel.git	-	b5ec6ef8497e1818cbdec3b54bb722f036e57972
full	oscomp-autotest	https://github.com/oscomp/autotest-for-oskernel.git	-	d1bb3a3c4b27274e196a2648518525c1a304e339
snapshot	linux	https://github.com/torvalds/linux.git	f4cdf7ca9a1fdcca413157df19753f388a5a224e	f4cdf7ca9a1fdcca413157df19753f388a5a224e
snapshot	lwip	https://github.com/lwip-tcpip/lwip.git	refs/tags/STABLE-2_2_1_RELEASE	77dcd25a72509eb83f72b033d219b1d40cd8eb95
snapshot	qemu	https://gitlab.com/qemu-project/qemu.git	refs/tags/v11.1.0	84f07211cc5b4fc6a371559bf8a5de4fb068e648
snapshot	opensbi	https://github.com/riscv-software-src/opensbi.git	refs/tags/v1.8.1	74434f255873d74e56cc50aa762d1caf24c099f8
snapshot	loongarch-documentation	https://github.com/loongson/LoongArch-Documentation.git	e0d6592229d9e00e512bd28b688a7f20b171714f	e0d6592229d9e00e512bd28b688a7f20b171714f
snapshot	visionfive2-sdk	https://github.com/starfive-tech/VisionFive2.git	refs/tags/JH7110_VF2_6.12_v6.0.0	7f1bacc7c3969ea7ae7da4b9f3ca3fbd6e39c142
file	riscv/riscv-privileged-20260120.pdf	https://docs.riscv.org/reference/isa/v20260120/_attachments/riscv-privileged.pdf	-	d0f818af6fa519d39e68f822aa795bff9f38032a2f352afdf43e91c0d480e408
file	visionfive2/jh7110-datasheet-v1.67.pdf	https://doc-en.rvspace.org/JH7110/PDF/JH7110_Datasheet.pdf	-	5d3eb13e93a97e819464d61343a81fbc286509f77cfcf64688d11d4c3217e80f
file	visionfive2/visionfive2-software-trm.pdf	https://doc-en.rvspace.org/VisionFive2/PDF/VisionFive2_SW_TRM.pdf	-	182ddb77088accf9497ec9c80a1ed8b581cafd4c4a4dc1de01899fc28f8f8898
file	visionfive2/jh7110-boot-user-guide.pdf	https://doc-en.rvspace.org/VisionFive2/PDF/JH7110_Boot_UG.pdf	-	a7a55cff1d586334623375cfa884aea61931053a666d7cad88d7368e5c3d9fca
file	visionfive2/sifive-u74-core-complex-21G3.pdf	https://sifive.cdn.prismic.io/sifive/ad5577a0-9a00-45c9-a5d0-424a3d586060_u74_core_complex_manual_21G3.pdf	-	496c73e51ae203bd7d00866d3809b21772aa5b8f3dfa4f719d8530f494b3ddbd
file	loongarch/loongarch-vol1-v1.11.pdf	https://raw.githubusercontent.com/loongson-community/docs/f5b8447db3aa957fb1d81d4969f379f93dcdb8a5/loongarch/2025032109191292796.%E9%BE%99%E6%9E%B6%E6%9E%84%E5%8F%82%E8%80%83%E6%89%8B%E5%86%8C%E5%8D%B7%E4%B8%80_r1p11.pdf	-	5a1a2b3117a1beb82155ed4f93f7be0b6ba6eb596ca6f3ba3bbd5245021707f8
file	loongarch/loongson-2k1000la-user-manual-v1.0.pdf	https://raw.githubusercontent.com/loongson-community/docs/f5b8447db3aa957fb1d81d4969f379f93dcdb8a5/2K1000/%E9%BE%99%E8%8A%AF2K1000LA%E5%A4%84%E7%90%86%E5%99%A8%E7%94%A8%E6%88%B7%E6%89%8B%E5%86%8C_V1.0.pdf	-	3b859cc3b3d9af25ea2ec8abb644e2179f9e8526a71c1e22ee9be92ce4dda4a6
file	loongarch/loongson-2k1000la-datasheet-v1.1.pdf	https://raw.githubusercontent.com/loongson-community/docs/f5b8447db3aa957fb1d81d4969f379f93dcdb8a5/2K1000/2023053015362144181.%E9%BE%99%E8%8A%AF2K1000LA%E5%A4%84%E7%90%86%E5%99%A8%E6%95%B0%E6%8D%AE%E6%89%8B%E5%86%8C_V1.1.pdf	-	ae38df4a3f061de79b922e4ac4914f53e1f5928789c44c5ed1f44929c9cbac06
file	loongarch/loongson-embedded-system-architecture-v1.1.pdf	https://raw.githubusercontent.com/loongson-community/docs/f5b8447db3aa957fb1d81d4969f379f93dcdb8a5/firmware/2025011014243453502.%E9%BE%99%E8%8A%AFCPU%E7%BB%9F%E4%B8%80%E7%B3%BB%E7%BB%9F%E6%9E%B6%E6%9E%84%E8%A7%84%E8%8C%83(LA%E6%9E%B6%E6%9E%84%E5%B5%8C%E5%85%A5%E5%BC%8F%E7%B3%BB%E5%88%97)V1.1.pdf	-	b04f63fb4e070f6b8be0ffa1b070449fe9d79149a0652abdaf5ea3592c4cd2e8
file	loongarch/nebula-board-README.md	https://gitee.com/loongarch_community/2k1000la-doc/raw/5f4921e408e5f935d0c047816f3050111856dcbc/README.md	-	5b9bf159aea98e2655cb21f7a31744ba691c310d46b0f535ceeeeb0674e5077f
file	loongarch/nebula-board-README.en.md	https://gitee.com/loongarch_community/2k1000la-doc/raw/5f4921e408e5f935d0c047816f3050111856dcbc/README.en.md	-	509fd32f4ee9cd92157ec481b3aa2dbaa06d49de2c74c32cb5c49ed6a7543ee6
file	musl/musl-1.2.5.tar.gz	https://musl.libc.org/releases/musl-1.2.5.tar.gz	-	a9a118bbe84d8764da0ea0d28b3ab3fae8477fc7e4085d90102b8596fc7c75e4
# glibc 2.44 release source for ABI and license; accessed 2026-09-27.
file	glibc/glibc-2.44.tar.xz	https://ftp.gnu.org/gnu/glibc/glibc-2.44.tar.xz	-	37f600f2bef3c5e8300147059568b2a2e40a7ad6ccc65ce942556d49429cc667
# SQLite 3.53.4 official amalgamation; accessed 2026-09-27.
file	sqlite/sqlite-amalgamation-3530400.zip	https://www.sqlite.org/2026/sqlite-amalgamation-3530400.zip	-	1e71ddf93849c6a6ecf58b827c0692073d2dd7ee40196158068f7b29f422e87d
file	linux-uapi/linux-6.6.tar.xz	https://cdn.kernel.org/pub/linux/kernel/v6.x/linux-6.6.tar.xz	-	d926a06c63dd8ac7df3f86ee1ffc2ce2a3b81a2d168484e76b5b389aba8e56d0
# Alpine v3.22 main/riscv64 native GCC 14.2.0-r6 and complete APK dependency closure; accessed 2026-09-27.
file	alpine/v3.22/main/riscv64/binutils-2.44-r3.apk	https://dl-cdn.alpinelinux.org/alpine/v3.22/main/riscv64/binutils-2.44-r3.apk	-	48f109b58fe0472f63bdd84afdf189ddbf48607cba5904ef417f9c41f04f09be
file	alpine/v3.22/main/riscv64/gcc-14.2.0-r6.apk	https://dl-cdn.alpinelinux.org/alpine/v3.22/main/riscv64/gcc-14.2.0-r6.apk	-	456c6a14a2e04e5e5dd88f9025df6d1eac10db56ff970517ba4c6048061686b7
file	alpine/v3.22/main/riscv64/gmp-6.3.0-r3.apk	https://dl-cdn.alpinelinux.org/alpine/v3.22/main/riscv64/gmp-6.3.0-r3.apk	-	f35fb4c3b62da58a5788a7a82aa116f9f30f8d91f73375c26fc437be2ae630b1
file	alpine/v3.22/main/riscv64/isl26-0.26-r1.apk	https://dl-cdn.alpinelinux.org/alpine/v3.22/main/riscv64/isl26-0.26-r1.apk	-	c3bfee11aa54e89edc85e7d729a773a61d4b37c1a12f6996c13a4a5fbf35c689
file	alpine/v3.22/main/riscv64/jansson-2.14.1-r0.apk	https://dl-cdn.alpinelinux.org/alpine/v3.22/main/riscv64/jansson-2.14.1-r0.apk	-	673443b255a06ccb53861f4ebc8f831e5e35c8a553071503cd7ec9161bd7227d
file	alpine/v3.22/main/riscv64/libatomic-14.2.0-r6.apk	https://dl-cdn.alpinelinux.org/alpine/v3.22/main/riscv64/libatomic-14.2.0-r6.apk	-	90543de7a16cd24dfb54e864d897f02f83ca83035949486840ac5e296bb2fc40
file	alpine/v3.22/main/riscv64/libgcc-14.2.0-r6.apk	https://dl-cdn.alpinelinux.org/alpine/v3.22/main/riscv64/libgcc-14.2.0-r6.apk	-	3962255abb95c10d1400883daf823cab3d04779ea8886a8e44d61c98caa8ee55
file	alpine/v3.22/main/riscv64/libgomp-14.2.0-r6.apk	https://dl-cdn.alpinelinux.org/alpine/v3.22/main/riscv64/libgomp-14.2.0-r6.apk	-	073df85fc3bbc2716db08ce8054bf26169ed3665092990baac01025e34ff4282
file	alpine/v3.22/main/riscv64/libstdc++-14.2.0-r6.apk	https://dl-cdn.alpinelinux.org/alpine/v3.22/main/riscv64/libstdc++-14.2.0-r6.apk	-	01f39aabb27a201645ac274c3e54019c6a5f1f8658d814edbaca79c6c96a595f
file	alpine/v3.22/main/riscv64/mpc1-1.3.1-r1.apk	https://dl-cdn.alpinelinux.org/alpine/v3.22/main/riscv64/mpc1-1.3.1-r1.apk	-	eb6fe6b0bab6c7fa673da2fc31e1cb8e414f3b196a7e2bfd621b51fd89145080
file	alpine/v3.22/main/riscv64/mpfr4-4.2.1_p1-r0.apk	https://dl-cdn.alpinelinux.org/alpine/v3.22/main/riscv64/mpfr4-4.2.1_p1-r0.apk	-	8a9098015e675d500b6024d5d51869ed3a96f4769a386a53afde3fafba39dc27
file	alpine/v3.22/main/riscv64/musl-1.2.5-r12.apk	https://dl-cdn.alpinelinux.org/alpine/v3.22/main/riscv64/musl-1.2.5-r12.apk	-	6814d9cbaad929d14181ef4fbd1d65c7749df43746269b9bdb75551ba32a79db
file	alpine/v3.22/main/riscv64/musl-dev-1.2.5-r12.apk	https://dl-cdn.alpinelinux.org/alpine/v3.22/main/riscv64/musl-dev-1.2.5-r12.apk	-	cd16b9d772e93fe5b8a2b87b5182b5be786be7b86be5bf63af65f3537762fd20
file	alpine/v3.22/main/riscv64/zlib-1.3.2-r0.apk	https://dl-cdn.alpinelinux.org/alpine/v3.22/main/riscv64/zlib-1.3.2-r0.apk	-	9a2761a457312f4aa1312c94d3ca8789c2f1dd51d34d992e400851c8181a6887
file	alpine/v3.22/main/riscv64/zstd-libs-1.5.7-r0.apk	https://dl-cdn.alpinelinux.org/alpine/v3.22/main/riscv64/zstd-libs-1.5.7-r0.apk	-	28bb837f617870a996009130c938ad12075f942738cfcd1390251720c78f0b8d
# GNU make 4.4.1-r3, GPL-3.0-or-later; official Alpine package, checked 2026-10-03.
file	alpine/v3.22/main/riscv64/make-4.4.1-r3.apk	https://dl-cdn.alpinelinux.org/alpine/v3.22/main/riscv64/make-4.4.1-r3.apk	-	e57d545d8427629cd7f611b3bda0088b4c67da8d1a6a4438c889f72b1c9e60b4
# Lua 5.4.3, MIT; official release, checked 2026-10-03.
file	lua/lua-5.4.3.tar.gz	https://www.lua.org/ftp/lua-5.4.3.tar.gz	-	f8612276169e3bfcbcfb8f226195bfc6e466fe13042f1076cbde92b7ec96bbfb

# GCC15.1.0 official release source for matching LA LP64S runtime; accessed 2026-10-06.
file	gcc/gcc-15.1.0.tar.xz	https://gcc.gnu.org/pub/gcc/releases/gcc-15.1.0/gcc-15.1.0.tar.xz	-	e2b09ec21660f01fecffb715e0120265216943f038d0e48a9868713e54f06cea
